county,nafis_date,variety,commodity,unit,kg,nafis_prices,season,avg_temp,max_temp,min_temp,precipitation_mm,annual_avg_inflation,twelve_month_inflation,household_sizes,total_household_demand_kg
Nairobi,02/12/2015,Horticulture,Kales,Bag,50,1250,peak,19,26,10,7.4,6.58,8.01,1259617,7708857
Nairobi,09/12/2015,Horticulture,Kales,Bag,50,1200,peak,19,26,10,7.4,6.58,8.01,1259617,7708857
Nairobi,10/12/2015,Horticulture,Kales,Bag,50,1200,peak,19,26,10,7.4,6.58,8.01,1259617,7708857
Nairobi,14/12/2015,Horticulture,Kales,Bag,50,1200,peak,19,26,10,7.4,6.58,8.01,1259617,7708857
Nairobi,28/12/2015,Horticulture,Kales,Bag,50,1200,peak,19,26,10,7.4,6.58,8.01,1259617,7708857
Nairobi,29/12/2015,Horticulture,Kales,Bag,50,1000,peak,19,26,10,7.4,6.58,8.01,1259617,7708857
Nairobi,03/01/2016,Horticulture,Kales,Bag,50,1200,low,22,28,15,15.04,6.77,7.78,1263995,7735650
Nairobi,04/01/2016,Horticulture,Kales,Bag,50,1250,low,22,28,15,15.04,6.77,7.78,1263995,7735650
Nairobi,07/01/2016,Horticulture,Kales,Bag,50,1600,low,22,28,15,15.04,6.77,7.78,1263995,7735650
Nairobi,09/01/2016,Horticulture,Kales,Bag,50,1600,low,22,28,15,15.04,6.77,7.78,1263995,7735650
Nairobi,11/01/2016,Horticulture,Kales,Bag,50,1300,low,22,28,15,15.04,6.77,7.78,1263995,7735650
Nairobi,02/02/2016,Horticulture,Kales,Bag,50,1200,low,22,29,13,10.1,6.87,6.84,1268388,7762535
Nairobi,03/02/2016,Horticulture,Kales,Bag,50,1200,low,22,29,13,10.1,6.87,6.84,1268388,7762535
Nairobi,11/02/2016,Horticulture,Kales,Bag,50,1250,low,22,29,13,10.1,6.87,6.84,1268388,7762535
Nairobi,15/02/2016,Horticulture,Kales,Bag,50,1100,low,22,29,13,10.1,6.87,6.84,1268388,7762535
Nairobi,16/02/2016,Horticulture,Kales,Bag,50,1100,low,22,29,13,10.1,6.87,6.84,1268388,7762535
Nairobi,19/02/2016,Horticulture,Kales,Bag,50,1000,low,22,29,13,10.1,6.87,6.84,1268388,7762535
Nairobi,29/02/2016,Horticulture,Kales,Bag,50,1000,low,22,29,13,10.1,6.87,6.84,1268388,7762535
Nairobi,02/03/2016,Horticulture,Kales,Bag,50,1200,low,24,31,14,4.9,6.88,6.45,1272796,7789512
Nairobi,03/03/2016,Horticulture,Kales,Bag,50,1200,low,24,31,14,4.9,6.88,6.45,1272796,7789512
Nairobi,05/03/2016,Horticulture,Kales,Bag,50,1200,low,24,31,14,4.9,6.88,6.45,1272796,7789512
Nairobi,11/03/2016,Horticulture,Kales,Bag,50,1300,low,24,31,14,4.9,6.88,6.45,1272796,7789512
Nairobi,15/03/2016,Horticulture,Kales,Bag,50,1200,low,24,31,14,4.9,6.88,6.45,1272796,7789512
Nairobi,16/03/2016,Horticulture,Kales,Bag,50,1100,low,24,31,14,4.9,6.88,6.45,1272796,7789512
Nairobi,17/03/2016,Horticulture,Kales,Bag,50,1100,low,24,31,14,4.9,6.88,6.45,1272796,7789512
Nairobi,18/03/2016,Horticulture,Kales,Bag,50,1100,low,24,31,14,4.9,6.88,6.45,1272796,7789512
Nairobi,22/03/2016,Horticulture,Kales,Bag,50,1150,low,24,31,14,4.9,6.88,6.45,1272796,7789512
Nairobi,23/03/2016,Horticulture,Kales,Bag,50,1150,low,24,31,14,4.9,6.88,6.45,1272796,7789512
Nairobi,24/03/2016,Horticulture,Kales,Bag,50,1250,low,24,31,14,4.9,6.88,6.45,1272796,7789512
Nairobi,29/03/2016,Horticulture,Kales,Bag,50,1250,low,24,31,14,4.9,6.88,6.45,1272796,7789512
Nairobi,30/03/2016,Horticulture,Kales,Bag,50,1250,low,24,31,14,4.9,6.88,6.45,1272796,7789512
Nairobi,31/03/2016,Horticulture,Kales,Bag,50,1200,low,24,31,14,4.9,6.88,6.45,1272796,7789512
Nairobi,03/04/2016,Horticulture,Kales,Bag,50,1200,peak,21,27,11,25.2,6.72,5.27,1277219,7816581
Nairobi,04/04/2016,Horticulture,Kales,Bag,50,1200,peak,21,27,11,25.2,6.72,5.27,1277219,7816581
Nairobi,05/04/2016,Horticulture,Kales,Bag,50,1200,peak,21,27,11,25.2,6.72,5.27,1277219,7816581
Nairobi,11/04/2016,Horticulture,Kales,Bag,50,1250,peak,21,27,11,25.2,6.72,5.27,1277219,7816581
Nairobi,13/04/2016,Horticulture,Kales,Bag,50,1250,peak,21,27,11,25.2,6.72,5.27,1277219,7816581
Nairobi,14/04/2016,Horticulture,Kales,Bag,50,1200,peak,21,27,11,25.2,6.72,5.27,1277219,7816581
Nairobi,15/04/2016,Horticulture,Kales,Bag,50,1200,peak,21,27,11,25.2,6.72,5.27,1277219,7816581
Nairobi,20/04/2016,Horticulture,Kales,Bag,50,1250,peak,21,27,11,25.2,6.72,5.27,1277219,7816581
Nairobi,02/05/2016,Horticulture,Kales,Bag,50,1000,low,20,26,14,10,6.59,5,1281658,7843747
Nairobi,04/05/2016,Horticulture,Kales,Bag,50,1200,low,20,26,14,10,6.59,5,1281658,7843747
Nairobi,05/05/2016,Horticulture,Kales,Bag,50,1250,low,20,26,14,10,6.59,5,1281658,7843747
Nairobi,07/05/2016,Horticulture,Kales,Bag,50,1800,low,20,26,14,10,6.59,5,1281658,7843747
Nairobi,09/05/2016,Horticulture,Kales,Bag,50,1400,low,20,26,14,10,6.59,5,1281658,7843747
Nairobi,13/05/2016,Horticulture,Kales,Bag,50,1200,low,20,26,14,10,6.59,5,1281658,7843747
Nairobi,16/05/2016,Horticulture,Kales,Bag,50,1250,low,20,26,14,10,6.59,5,1281658,7843747
Nairobi,17/05/2016,Horticulture,Kales,Bag,50,1200,low,20,26,14,10,6.59,5,1281658,7843747
Nairobi,18/05/2016,Horticulture,Kales,Bag,50,1200,low,20,26,14,10,6.59,5,1281658,7843747
Nairobi,19/05/2016,Horticulture,Kales,Bag,50,1200,low,20,26,14,10,6.59,5,1281658,7843747
Nairobi,23/05/2016,Horticulture,Kales,Bag,50,1200,low,20,26,14,10,6.59,5,1281658,7843747
Nairobi,24/05/2016,Horticulture,Kales,Bag,50,1250,low,20,26,14,10,6.59,5,1281658,7843747
Nairobi,26/05/2016,Horticulture,Kales,Bag,50,1200,low,20,26,14,10,6.59,5,1281658,7843747
Nairobi,27/05/2016,Horticulture,Kales,Bag,50,1250,low,20,26,14,10,6.59,5,1281658,7843747
Nairobi,30/05/2016,Horticulture,Kales,Bag,50,1200,low,20,26,14,10,6.59,5,1281658,7843747
Nairobi,04/06/2016,Horticulture,Kales,Bag,50,1200,low,18,25,12,5.1,6.46,5.8,1286112,7871006
Nairobi,05/06/2016,Horticulture,Kales,Bag,50,1250,low,18,25,12,5.1,6.46,5.8,1286112,7871006
Nairobi,06/06/2016,Horticulture,Kales,Bag,50,1600,low,18,25,12,5.1,6.46,5.8,1286112,7871006
Nairobi,09/06/2016,Horticulture,Kales,Bag,50,1400,low,18,25,12,5.1,6.46,5.8,1286112,7871006
Nairobi,12/06/2016,Horticulture,Kales,Bag,50,1250,low,18,25,12,5.1,6.46,5.8,1286112,7871006
Nairobi,13/06/2016,Horticulture,Kales,Bag,50,1700,low,18,25,12,5.1,6.46,5.8,1286112,7871006
Nairobi,14/06/2016,Horticulture,Kales,Bag,50,1700,low,18,25,12,5.1,6.46,5.8,1286112,7871006
Nairobi,15/06/2016,Horticulture,Kales,Bag,50,1700,low,18,25,12,5.1,6.46,5.8,1286112,7871006
Nairobi,16/06/2016,Horticulture,Kales,Bag,50,1700,low,18,25,12,5.1,6.46,5.8,1286112,7871006
Nairobi,20/06/2016,Horticulture,Kales,Bag,50,1800,low,18,25,12,5.1,6.46,5.8,1286112,7871006
Nairobi,21/06/2016,Horticulture,Kales,Bag,50,1800,low,18,25,12,5.1,6.46,5.8,1286112,7871006
Nairobi,22/06/2016,Horticulture,Kales,Bag,50,1500,low,18,25,12,5.1,6.46,5.8,1286112,7871006
Nairobi,23/06/2016,Horticulture,Kales,Bag,50,1800,low,18,25,12,5.1,6.46,5.8,1286112,7871006
Nairobi,31/06/2016,Horticulture,Kales,Bag,50,1300,low,18,25,12,5.1,6.46,5.8,1286112,7871006
Nairobi,03/07/2016,Horticulture,Kales,Bag,50,1200,low,19,26,11,1.8,8.21,7.47,1290582,7898362
Nairobi,04/07/2016,Horticulture,Kales,Bag,50,1200,low,19,26,11,1.8,8.21,7.47,1290582,7898362
Nairobi,06/07/2016,Horticulture,Kales,Bag,50,1600,low,19,26,11,1.8,8.21,7.47,1290582,7898362
Nairobi,12/07/2016,Horticulture,Kales,Bag,50,1250,low,19,26,11,1.8,8.21,7.47,1290582,7898362
Nairobi,14/07/2016,Horticulture,Kales,Bag,50,1500,low,19,26,11,1.8,8.21,7.47,1290582,7898362
Nairobi,15/07/2016,Horticulture,Kales,Bag,50,1500,low,19,26,11,1.8,8.21,7.47,1290582,7898362
Nairobi,18/07/2016,Horticulture,Kales,Bag,50,1600,low,19,26,11,1.8,8.21,7.47,1290582,7898362
Nairobi,26/07/2016,Horticulture,Kales,Bag,50,1800,low,19,26,11,1.8,8.21,7.47,1290582,7898362
Nairobi,27/07/2016,Horticulture,Kales,Bag,50,1600,low,19,26,11,1.8,8.21,7.47,1290582,7898362
Nairobi,28/07/2016,Horticulture,Kales,Bag,50,1700,low,19,26,11,1.8,8.21,7.47,1290582,7898362
Nairobi,29/07/2016,Horticulture,Kales,Bag,50,1800,low,19,26,11,1.8,8.21,7.47,1290582,7898362
Nairobi,02/01/2017,Horticulture,Kales,Bag,50,1650,low,26,29,15,2,6.26,6.99,1316613,8057672
Nairobi,08/01/2017,Horticulture,Kales,Bag,50,1250,low,21,24,11,2,6.26,6.99,1316613,8057672
Nairobi,09/01/2017,Horticulture,Kales,Bag,50,1200,low,23,25,13,0,6.26,6.99,1316613,8057672
Nairobi,12/01/2017,Horticulture,Kales,Bag,50,1200,low,23,25,16,0,6.26,6.99,1316613,8057672
Nairobi,17/01/2017,Horticulture,Kales,Bag,50,1500,low,25,28,12,2,6.26,6.99,1316613,8057672
Nairobi,18/01/2017,Horticulture,Kales,Bag,50,1500,low,25,27,14,0,6.26,6.99,1316613,8057672
Nairobi,19/01/2017,Horticulture,Kales,Bag,50,1500,low,25,29,16,0,6.26,6.99,1316613,8057672
Nairobi,20/01/2017,Horticulture,Kales,Bag,50,1500,low,25,29,11,0,6.26,6.99,1316613,8057672
Nairobi,23/01/2017,Horticulture,Kales,Bag,50,1800,low,25,27,14,0,6.26,6.99,1316613,8057672
Nairobi,31/01/2017,Horticulture,Kales,Bag,50,1650,low,26,29,16,1,6.26,6.99,1316613,8057672
Nairobi,06/02/2017,Horticulture,Kales,Bag,50,1350,low,21,26,14,1,6.43,9.04,1321002,8084533
Nairobi,08/02/2017,Horticulture,Kales,Bag,50,1100,low,21,20,11,1,6.43,9.04,1321002,8084533
Nairobi,11/02/2017,Horticulture,Kales,Bag,50,1350,low,23,24,13,4,6.43,9.04,1321002,8084533
Nairobi,14/02/2017,Horticulture,Kales,Bag,50,1650,low,26,29,13,0,6.43,9.04,1321002,8084533
Nairobi,15/02/2017,Horticulture,Kales,Bag,50,1800,low,26,29,12,0,6.43,9.04,1321002,8084533
Nairobi,16/02/2017,Horticulture,Kales,Bag,50,1800,low,26,27,12,1,6.43,9.04,1321002,8084533
Nairobi,17/02/2017,Horticulture,Kales,Bag,50,1650,low,26,28,17,1,6.43,9.04,1321002,8084533
Nairobi,21/02/2017,Horticulture,Kales,Bag,50,1600,low,26,29,12,0,6.43,9.04,1321002,8084533
Nairobi,22/02/2017,Horticulture,Kales,Bag,50,1700,low,26,27,15,0,6.43,9.04,1321002,8084533
Nairobi,24/02/2017,Horticulture,Kales,Bag,50,1500,low,26,27,17,3,6.43,9.04,1321002,8084533
Nairobi,28/02/2017,Horticulture,Kales,Bag,50,1500,low,26,27,13,1,6.43,9.04,1321002,8084533
Nairobi,08/03/2017,Horticulture,Kales,Bag,50,1100,low,21,21,12,0,6.76,10.28,1325406,8111485
Nairobi,11/03/2017,Horticulture,Kales,Bag,50,1250,low,23,21,15,11,6.76,10.28,1325406,8111485
Nairobi,14/03/2017,Horticulture,Kales,Bag,50,1450,low,25,32,14,8,6.76,10.28,1325406,8111485
Nairobi,15/03/2017,Horticulture,Kales,Bag,50,1450,low,25,28,17,0,6.76,10.28,1325406,8111485
Nairobi,22/03/2017,Horticulture,Kales,Bag,50,1750,low,25,29,16,3,6.76,10.28,1325406,8111485
Nairobi,23/03/2017,Horticulture,Kales,Bag,50,1500,low,25,28,15,1,6.76,10.28,1325406,8111485
Nairobi,24/03/2017,Horticulture,Kales,Bag,50,1650,low,25,30,17,0,6.76,10.28,1325406,8111485
Nairobi,28/03/2017,Horticulture,Kales,Bag,50,1650,low,25,29,17,1,6.76,10.28,1325406,8111485
Nairobi,30/03/2017,Horticulture,Kales,Bag,50,2000,low,25,27,18,0,6.76,10.28,1325406,8111485
Nairobi,31/03/2017,Horticulture,Kales,Bag,50,2000,low,24,28,17,3,6.76,10.28,1325406,8111485
Nairobi,04/04/2017,Horticulture,Kales,Bag,50,2000,peak,24,30,15,2,7.2,11.48,1329825,8138529
Nairobi,07/04/2017,Horticulture,Kales,Bag,50,1250,peak,21,21,15,0,7.2,11.48,1329825,8138529
Nairobi,08/04/2017,Horticulture,Kales,Bag,50,1100,peak,21,23,15,0,7.2,11.48,1329825,8138529
Nairobi,09/04/2017,Horticulture,Kales,Bag,50,1250,peak,23,22,11,3,7.2,11.48,1329825,8138529
Nairobi,11/04/2017,Horticulture,Kales,Bag,50,1250,peak,23,24,16,2,7.2,11.48,1329825,8138529
Nairobi,12/04/2017,Horticulture,Kales,Bag,50,1250,peak,23,26,14,0,7.2,11.48,1329825,8138529
Nairobi,19/04/2017,Horticulture,Kales,Bag,50,2000,peak,24,24,17,0,7.2,11.48,1329825,8138529
Nairobi,20/04/2017,Horticulture,Kales,Bag,50,1750,peak,24,25,17,5,7.2,11.48,1329825,8138529
Nairobi,21/04/2017,Horticulture,Kales,Bag,50,1750,peak,24,24,16,4,7.2,11.48,1329825,8138529
Nairobi,24/04/2017,Horticulture,Kales,Bag,50,2000,peak,23,26,16,0,7.2,11.48,1329825,8138529
Nairobi,27/04/2017,Horticulture,Kales,Bag,50,2000,peak,23,26,15,3,7.2,11.48,1329825,8138529
Nairobi,09/05/2017,Horticulture,Kales,Bag,50,1200,low,23,24,12,0,7.2,11.48,1334258,8165659
Nairobi,12/05/2017,Horticulture,Kales,Bag,50,1250,low,23,25,15,0,7.2,11.48,1334258,8165659
Nairobi,17/05/2017,Horticulture,Kales,Bag,50,1500,low,22,25,16,0,7.84,11.7,1334258,8165659
Nairobi,22/05/2017,Horticulture,Kales,Bag,50,1500,low,22,26,14,1,7.84,11.7,1334258,8165659
Nairobi,23/05/2017,Horticulture,Kales,Bag,50,1400,low,22,25,15,1,7.84,11.7,1334258,8165659
Nairobi,24/05/2017,Horticulture,Kales,Bag,50,1400,low,22,27,13,0,7.84,11.7,1334258,8165659
Nairobi,25/05/2017,Horticulture,Kales,Bag,50,1400,low,22,28,13,0,7.84,11.7,1334258,8165659
Nairobi,26/05/2017,Horticulture,Kales,Bag,50,1350,low,22,27,13,0,7.84,11.7,1334258,8165659
Nairobi,06/06/2017,Horticulture,Kales,Bag,50,1250,low,21,25,15,1,8.13,9.21,1338706,8192881
Nairobi,07/06/2017,Horticulture,Kales,Bag,50,1200,low,21,23,15,0,8.13,9.21,1338706,8192881
Nairobi,11/06/2017,Horticulture,Kales,Bag,50,1250,low,23,24,16,1,8.13,9.21,1338706,8192881
Nairobi,12/06/2017,Horticulture,Kales,Bag,50,1250,low,23,26,14,0,8.13,9.21,1338706,8192881
Nairobi,16/06/2017,Horticulture,Kales,Bag,50,1000,low,21,23,14,0,8.13,9.21,1338706,8192881
Nairobi,19/06/2017,Horticulture,Kales,Bag,50,1000,low,21,24,12,0,8.13,9.21,1338706,8192881
Nairobi,20/06/2017,Horticulture,Kales,Bag,50,1200,low,21,24,12,0,8.13,9.21,1338706,8192881
Nairobi,21/06/2017,Horticulture,Kales,Bag,50,1200,low,21,27,14,0,8.13,9.21,1338706,8192881
Nairobi,22/06/2017,Horticulture,Kales,Bag,50,1150,low,21,23,13,1,8.13,9.21,1338706,8192881
Nairobi,23/06/2017,Horticulture,Kales,Bag,50,1200,low,21,24,15,0,8.13,9.21,1338706,8192881
Nairobi,27/06/2017,Horticulture,Kales,Bag,50,1250,low,21,23,12,0,8.13,9.21,1338706,8192881
Nairobi,28/06/2017,Horticulture,Kales,Bag,50,1250,low,21,22,14,0,8.13,9.21,1338706,8192881
Nairobi,29/06/2017,Horticulture,Kales,Bag,50,1250,low,21,24,14,0,8.13,9.21,1338706,8192881
Nairobi,30/06/2017,Horticulture,Kales,Bag,50,1200,low,21,23,14,0,8.13,9.21,1338706,8192881
Nairobi,07/07/2017,Horticulture,Kales,Bag,50,1250,low,21,25,12,0,8.21,7.47,1343169,8220195
Nairobi,08/07/2017,Horticulture,Kales,Bag,50,1000,low,21,24,14,0,8.21,7.47,1343169,8220195
Nairobi,09/07/2017,Horticulture,Kales,Bag,50,1200,low,23,25,10,0,8.21,7.47,1343169,8220195
Nairobi,12/07/2017,Horticulture,Kales,Bag,50,1250,low,23,27,15,0,8.21,7.47,1343169,8220195
Nairobi,19/07/2017,Horticulture,Kales,Bag,50,1250,low,21,26,13,0,8.21,7.47,1343169,8220195
Nairobi,24/07/2017,Horticulture,Kales,Bag,50,1200,low,21,23,15,0,8.21,7.47,1343169,8220195
Nairobi,25/07/2017,Horticulture,Kales,Bag,50,1200,low,21,24,14,0,8.21,7.47,1343169,8220195
Nairobi,27/07/2017,Horticulture,Kales,Bag,50,1100,low,21,23,13,0,8.21,7.47,1343169,8220195
Nairobi,28/07/2017,Horticulture,Kales,Bag,50,1100,low,21,21,11,0,8.21,7.47,1343169,8220195
Nairobi,31/07/2017,Horticulture,Kales,Bag,50,1200,low,21,24,15,1,8.21,7.47,1343169,8220195
Nairobi,02/08/2017,Horticulture,Kales,Bag,50,1600,peak,26,29,16,0,8.36,8.04,1347647,8247600
Nairobi,03/08/2017,Horticulture,Kales,Bag,50,1450,peak,25,31,13,0,8.36,8.04,1347647,8247600
Nairobi,09/08/2017,Horticulture,Kales,Bag,50,1200,peak,23,24,11,1,8.36,8.04,1347647,8247600
Nairobi,14/08/2017,Horticulture,Kales,Bag,50,1000,peak,21,23,15,0,8.36,8.04,1347647,8247600
Nairobi,21/08/2017,Horticulture,Kales,Bag,50,1100,peak,22,26,16,0,8.36,8.04,1347647,8247600
Nairobi,28/08/2017,Horticulture,Kales,Bag,50,1250,peak,22,24,11,0,8.36,8.04,1347647,8247600
Nairobi,29/08/2017,Horticulture,Kales,Bag,50,1200,peak,22,27,11,0,8.36,8.04,1347647,8247600
Nairobi,30/08/2017,Horticulture,Kales,Bag,50,1200,peak,22,25,13,0,8.36,8.04,1347647,8247600
Nairobi,31/08/2017,Horticulture,Kales,Bag,50,1200,peak,22,25,14,0,8.36,8.04,1347647,8247600
Nairobi,11/09/2017,Horticulture,Kales,Bag,50,1200,normal,23,25,17,1,8.4,7.06,1352140,8275097
Nairobi,25/09/2017,Horticulture,Kales,Bag,50,1200,normal,24,27,14,0,8.4,7.06,1352140,8275097
Nairobi,29/09/2017,Horticulture,Kales,Bag,50,1200,normal,24,27,13,0,8.4,7.06,1352140,8275097
Nairobi,05/10/2017,Horticulture,Kales,Bag,50,1600,normal,22,25,14,1,8.33,5.72,1356648,8302686
Nairobi,11/10/2017,Horticulture,Kales,Bag,50,1350,normal,23,25,17,12,8.33,5.72,1356648,8302686
Nairobi,23/10/2017,Horticulture,Kales,Bag,50,1350,normal,24,25,14,0,8.33,5.72,1356648,8302686
Nairobi,24/10/2017,Horticulture,Kales,Bag,50,1350,normal,24,25,17,3,8.33,5.72,1356648,8302686
Nairobi,30/10/2017,Horticulture,Kales,Bag,50,1250,normal,23,24,16,0,8.33,5.72,1356648,8302686
Nairobi,31/10/2017,Horticulture,Kales,Bag,50,1250,normal,23,26,14,1,8.33,5.72,1356648,8302686
Nairobi,08/11/2017,Horticulture,Kales,Bag,50,1000,normal,21,22,10,0,8.15,4.73,1361171,8330367
Nairobi,12/11/2017,Horticulture,Kales,Bag,50,1100,normal,23,23,15,0,8.15,4.73,1361171,8330367
Nairobi,13/11/2017,Horticulture,Kales,Bag,50,1350,normal,23,24,15,3,8.15,4.73,1361171,8330367
Nairobi,14/11/2017,Horticulture,Kales,Bag,50,1250,normal,23,23,15,8,8.15,4.73,1361171,8330367
Nairobi,16/11/2017,Horticulture,Kales,Bag,50,1250,normal,23,23,17,0,8.15,4.73,1361171,8330367
Nairobi,17/11/2017,Horticulture,Kales,Bag,50,1250,normal,23,24,14,0,8.15,4.73,1361171,8330367
Nairobi,21/11/2017,Horticulture,Kales,Bag,50,1350,normal,23,26,15,0,8.15,4.73,1361171,8330367
Nairobi,22/11/2017,Horticulture,Kales,Bag,50,1350,normal,23,25,16,0,8.15,4.73,1361171,8330367
Nairobi,23/11/2017,Horticulture,Kales,Bag,50,1350,normal,23,24,16,0,8.15,4.73,1361171,8330367
Nairobi,24/11/2017,Horticulture,Kales,Bag,50,1350,normal,23,26,14,3,8.15,4.73,1361171,8330367
Nairobi,27/11/2017,Horticulture,Kales,Bag,50,1350,normal,23,24,16,0,8.15,4.73,1361171,8330367
Nairobi,29/11/2017,Horticulture,Kales,Bag,50,1200,normal,23,26,17,0,8.15,4.73,1361171,8330367
Nairobi,30/11/2017,Horticulture,Kales,Bag,50,1250,normal,23,24,16,1,8.15,4.73,1361171,8330367
Nairobi,01/12/2017,Horticulture,Kales,Bag,50,1500,peak,25,28,12,0,7.98,4.5,1365709,8358140
Nairobi,05/12/2017,Horticulture,Kales,Bag,50,1600,peak,22,25,17,6,7.98,4.5,1365709,8358140
Nairobi,15/12/2017,Horticulture,Kales,Bag,50,1000,peak,23,27,14,2,7.98,4.5,1365709,8358140
Nairobi,18/12/2017,Horticulture,Kales,Bag,50,1000,peak,23,27,16,0,7.98,4.5,1365709,8358140
Nairobi,19/12/2017,Horticulture,Kales,Bag,50,1000,peak,23,24,13,6,7.98,4.5,1365709,8358140
Nairobi,02/01/2018,Horticulture,Kales,Bag,50,1350,low,26,29,14,0,7.79,4.83,1370262,8386004
Nairobi,03/01/2018,Horticulture,Kales,Bag,50,1250,low,26,23,15,0,7.79,4.83,1370262,8386004
Nairobi,09/01/2018,Horticulture,Kales,Bag,50,1250,low,25,26,17,1,7.79,4.83,1370262,8386004
Nairobi,10/01/2018,Horticulture,Kales,Bag,50,1350,low,25,25,16,2,7.79,4.83,1370262,8386004
Nairobi,11/01/2018,Horticulture,Kales,Bag,50,1250,low,25,25,16,0,7.79,4.83,1370262,8386004
Nairobi,12/01/2018,Horticulture,Kales,Bag,50,1250,low,25,26,15,0,7.79,4.83,1370262,8386004
Nairobi,15/01/2018,Horticulture,Kales,Bag,50,1350,low,25,27,14,0,7.79,4.83,1370262,8386004
Nairobi,16/01/2018,Horticulture,Kales,Bag,50,1350,low,25,29,14,0,7.79,4.83,1370262,8386004
Nairobi,17/01/2018,Horticulture,Kales,Bag,50,1350,low,25,27,15,0,7.79,4.83,1370262,8386004
Nairobi,18/01/2018,Horticulture,Kales,Bag,50,1350,low,25,30,13,0,7.79,4.83,1370262,8386004
Nairobi,19/01/2018,Horticulture,Kales,Bag,50,1350,low,25,29,16,1,7.79,4.83,1370262,8386004
Nairobi,20/01/2018,Horticulture,Kales,Bag,50,1000,low,25,27,12,0,7.79,4.83,1370262,8386004
Nairobi,21/01/2018,Horticulture,Kales,Bag,50,1000,low,25,27,15,0,7.79,4.83,1370262,8386004
Nairobi,22/01/2018,Horticulture,Kales,Bag,50,900,low,25,28,11,0,7.79,4.83,1370262,8386004
Nairobi,27/01/2018,Horticulture,Kales,Bag,50,900,low,25,27,16,0,7.79,4.83,1370262,8386004
Nairobi,28/01/2018,Horticulture,Kales,Bag,50,1000,low,26,28,16,0,7.79,4.83,1370262,8386004
Nairobi,29/01/2018,Horticulture,Kales,Bag,50,1000,low,26,29,16,0,7.79,4.83,1370262,8386004
Nairobi,01/02/2018,Horticulture,Kales,Bag,50,1000,low,24,26,16,3,7.4,4.46,1374830,8413960
Nairobi,02/02/2018,Horticulture,Kales,Bag,50,1350,low,26,28,12,0,7.4,4.46,1374830,8413960
Nairobi,03/02/2018,Horticulture,Kales,Bag,50,1650,low,26,27,16,2,7.4,4.46,1374830,8413960
Nairobi,13/02/2018,Horticulture,Kales,Bag,50,1350,low,26,27,15,0,7.4,4.46,1374830,8413960
Nairobi,15/02/2018,Horticulture,Kales,Bag,50,1250,low,26,26,14,0,7.4,4.46,1374830,8413960
Nairobi,16/02/2018,Horticulture,Kales,Bag,50,1350,low,26,28,16,0,7.4,4.46,1374830,8413960
Nairobi,19/02/2018,Horticulture,Kales,Bag,50,1350,low,26,29,13,1,7.4,4.46,1374830,8413960
Nairobi,20/02/2018,Horticulture,Kales,Bag,50,1350,low,26,28,14,0,7.4,4.46,1374830,8413960
Nairobi,21/02/2018,Horticulture,Kales,Bag,50,1350,low,26,30,18,0,7.4,4.46,1374830,8413960
Nairobi,22/02/2018,Horticulture,Kales,Bag,50,1350,low,26,29,18,0,7.4,4.46,1374830,8413960
Nairobi,23/02/2018,Horticulture,Kales,Bag,50,1350,low,26,31,18,0,7.4,4.46,1374830,8413960
Nairobi,26/02/2018,Horticulture,Kales,Bag,50,1250,low,26,31,18,0,7.4,4.46,1374830,8413960
Nairobi,27/02/2018,Horticulture,Kales,Bag,50,1350,low,26,30,13,0,7.4,4.46,1374830,8413960
Nairobi,28/02/2018,Horticulture,Kales,Bag,50,1350,low,26,30,19,0,7.4,4.46,1374830,8413960
Nairobi,01/03/2018,Horticulture,Kales,Bag,50,1000,low,24,26,18,4,6.89,4.18,1379413,8442008
Nairobi,08/03/2018,Horticulture,Kales,Bag,50,1650,low,25,28,15,0,6.89,4.18,1379413,8442008
Nairobi,09/03/2018,Horticulture,Kales,Bag,50,1500,low,25,25,18,0,6.89,4.18,1379413,8442008
Nairobi,12/03/2018,Horticulture,Kales,Bag,50,1500,low,25,24,17,0,6.89,4.18,1379413,8442008
Nairobi,13/03/2018,Horticulture,Kales,Bag,50,1500,low,25,23,16,0,6.89,4.18,1379413,8442008
Nairobi,14/03/2018,Horticulture,Kales,Bag,50,1500,low,25,26,17,1,6.89,4.18,1379413,8442008
Nairobi,15/03/2018,Horticulture,Kales,Bag,50,1500,low,25,23,16,29,6.89,4.18,1379413,8442008
Nairobi,16/03/2018,Horticulture,Kales,Bag,50,1500,low,25,24,17,1,6.89,4.18,1379413,8442008
Nairobi,19/03/2018,Horticulture,Kales,Bag,50,1350,low,25,20,17,10,6.89,4.18,1379413,8442008
Nairobi,20/03/2018,Horticulture,Kales,Bag,50,1350,low,25,22,17,0,6.89,4.18,1379413,8442008
Nairobi,21/03/2018,Horticulture,Kales,Bag,50,1350,low,25,24,14,0,6.89,4.18,1379413,8442008
Nairobi,22/03/2018,Horticulture,Kales,Bag,50,1350,low,25,24,17,0,6.89,4.18,1379413,8442008
Nairobi,26/03/2018,Horticulture,Kales,Bag,50,1350,low,25,25,16,1,6.89,4.18,1379413,8442008
Nairobi,27/03/2018,Horticulture,Kales,Bag,50,1250,low,25,24,17,0,6.89,4.18,1379413,8442008
Nairobi,28/03/2018,Horticulture,Kales,Bag,50,1250,low,25,24,17,0,6.89,4.18,1379413,8442008
Nairobi,01/04/2018,Horticulture,Kales,Bag,50,1000,peak,24,23,17,2,6.24,3.73,1384012,8470154
Nairobi,04/04/2018,Horticulture,Kales,Bag,50,1250,peak,24,24,15,0,6.24,3.73,1384012,8470154
Nairobi,10/04/2018,Horticulture,Kales,Bag,50,1250,peak,24,27,16,0,6.24,3.73,1384012,8470154
Nairobi,11/04/2018,Horticulture,Kales,Bag,50,1250,peak,24,25,17,6,6.24,3.73,1384012,8470154
Nairobi,16/04/2018,Horticulture,Kales,Bag,50,1250,peak,24,26,17,4,6.24,3.73,1384012,8470154
Nairobi,17/04/2018,Horticulture,Kales,Bag,50,1250,peak,24,23,16,16,6.24,3.73,1384012,8470154
Nairobi,18/04/2018,Horticulture,Kales,Bag,50,1250,peak,24,24,16,1,6.24,3.73,1384012,8470154
Nairobi,19/04/2018,Horticulture,Kales,Bag,50,1200,peak,24,25,17,3,6.24,3.73,1384012,8470154
Nairobi,20/04/2018,Horticulture,Kales,Bag,50,1200,peak,24,26,17,23,6.24,3.73,1384012,8470154
Nairobi,23/04/2018,Horticulture,Kales,Bag,50,1200,peak,23,22,17,3,6.24,3.73,1384012,8470154
Nairobi,24/04/2018,Horticulture,Kales,Bag,50,1200,peak,23,22,17,54,6.24,3.73,1384012,8470154
Nairobi,25/04/2018,Horticulture,Kales,Bag,50,1250,peak,23,22,16,0,6.24,3.73,1384012,8470154
Nairobi,26/04/2018,Horticulture,Kales,Bag,50,1250,peak,23,26,18,1,6.24,3.73,1384012,8470154
Nairobi,27/04/2018,Horticulture,Kales,Bag,50,1200,peak,23,25,18,0,6.24,3.73,1384012,8470154
Nairobi,01/05/2018,Horticulture,Kales,Bag,50,1000,low,24,26,13,1,5.61,3.95,1393255,8526721
Nairobi,03/05/2018,Horticulture,Kales,Bag,50,1500,low,25,23,16,3,5.61,3.95,1393255,8526721
Nairobi,04/05/2018,Horticulture,Kales,Bag,50,1250,low,24,26,17,0,5.61,3.95,1393255,8526721
Mombasa,02/01/2017,Horticulture,Kales,Bag,50,3000,low,32,33,26,0,6.26,6.99,298896,1829243.52
Mombasa,08/01/2017,Horticulture,Kales,Bag,50,1000,low,28,30,21,0,6.26,6.99,298897,1829249.64
Mombasa,09/01/2017,Horticulture,Kales,Bag,50,1300,low,28,29,20,0,6.26,6.99,298898,1829255.76
Mombasa,12/01/2017,Horticulture,Kales,Bag,50,1800,low,31,32,25,0,6.26,6.99,298899,1829261.88
Mombasa,23/01/2017,Horticulture,Kales,Bag,50,1500,low,32,32,24,0,6.26,6.99,298900,1829268
Mombasa,31/01/2017,Horticulture,Kales,Bag,50,3000,low,32,34,26,0,6.26,6.99,298901,1829274.12
Mombasa,06/02/2017,Horticulture,Kales,Bag,50,1000,low,29,29,23,6,6.43,9.04,299230,1831287.6
Mombasa,08/02/2017,Horticulture,Kales,Bag,50,900,low,28,28,22,0,6.43,9.04,299230,1831287.6
Mombasa,11/02/2017,Horticulture,Kales,Bag,50,1500,low,30,27,14,40,6.43,9.04,299230,1831287.6
Mombasa,14/02/2017,Horticulture,Kales,Bag,50,2500,low,32,33,25,0,6.43,9.04,299230,1831287.6
Mombasa,15/02/2017,Horticulture,Kales,Bag,50,2150,low,32,33,25,0,6.43,9.04,299230,1831287.6
Mombasa,16/02/2017,Horticulture,Kales,Bag,50,2800,low,32,34,25,0,6.43,9.04,299230,1831287.6
Mombasa,17/02/2017,Horticulture,Kales,Bag,50,2150,low,32,34,24,0,6.43,9.04,299230,1831287.6
Mombasa,21/02/2017,Horticulture,Kales,Bag,50,1750,low,32,29,24,0,6.43,9.04,299230,1831287.6
Mombasa,22/02/2017,Horticulture,Kales,Bag,50,2000,low,32,32,24,0,6.43,9.04,299230,1831287.6
Mombasa,24/02/2017,Horticulture,Kales,Bag,50,1650,low,32,34,26,0,6.43,9.04,299230,1831287.6
Mombasa,28/02/2017,Horticulture,Kales,Bag,50,2000,low,32,34,25,0,6.43,9.04,299230,1831287.6
Mombasa,08/03/2017,Horticulture,Kales,Bag,50,800,low,28,28,22,16,6.76,10.28,299565,1833337.8
Mombasa,11/03/2017,Horticulture,Kales,Bag,50,1200,low,30,30,23,19,6.76,10.28,299565,1833337.8
Mombasa,14/03/2017,Horticulture,Kales,Bag,50,2000,low,32,35,25,0,6.76,10.28,299565,1833337.8
Mombasa,15/03/2017,Horticulture,Kales,Bag,50,2500,low,32,34,26,0,6.76,10.28,299565,1833337.8
Mombasa,22/03/2017,Horticulture,Kales,Bag,50,3000,low,32,33,25,3,6.76,10.28,299565,1833337.8
Mombasa,23/03/2017,Horticulture,Kales,Bag,50,2800,low,32,32,26,0,6.76,10.28,299565,1833337.8
Mombasa,24/03/2017,Horticulture,Kales,Bag,50,2000,low,32,34,26,0,6.76,10.28,299565,1833337.8
Mombasa,28/03/2017,Horticulture,Kales,Bag,50,2200,low,32,31,25,0,6.76,10.28,299565,1833337.8
Mombasa,30/03/2017,Horticulture,Kales,Bag,50,2500,low,32,33,23,0,6.76,10.28,299565,1833337.8
Mombasa,31/03/2017,Horticulture,Kales,Bag,50,2500,low,32,30,27,0,6.76,10.28,299565,1833337.8
Mombasa,04/04/2017,Horticulture,Kales,Bag,50,2200,peak,32,28,25,4,7.2,11.48,299900,1835388
Mombasa,07/04/2017,Horticulture,Kales,Bag,50,1200,peak,28,30,22,0,7.2,11.48,299900,1835388
Mombasa,08/04/2017,Horticulture,Kales,Bag,50,800,peak,28,29,22,4,7.2,11.48,299900,1835388
Mombasa,09/04/2017,Horticulture,Kales,Bag,50,1300,peak,28,20,23,0,7.2,11.48,299900,1835388
Mombasa,11/04/2017,Horticulture,Kales,Bag,50,1800,peak,30,26,23,30,7.2,11.48,299900,1835388
Mombasa,12/04/2017,Horticulture,Kales,Bag,50,1800,peak,31,32,25,1,7.2,11.48,299900,1835388
Mombasa,19/04/2017,Horticulture,Kales,Bag,50,1500,peak,31,33,24,4,7.2,11.48,299900,1835388
Mombasa,20/04/2017,Horticulture,Kales,Bag,50,1500,peak,31,32,24,0,7.2,11.48,299900,1835388
Mombasa,21/04/2017,Horticulture,Kales,Bag,50,1700,peak,31,31,25,0,7.2,11.48,299900,1835388
Mombasa,24/04/2017,Horticulture,Kales,Bag,50,1500,peak,31,32,25,4,7.2,11.48,299900,1835388
Mombasa,27/04/2017,Horticulture,Kales,Bag,50,1700,peak,30,31,25,6,7.2,11.48,299900,1835388
Mombasa,09/05/2017,Horticulture,Kales,Bag,50,1700,low,28,20,22,0,7.84,11.7,300235,1837438.2
Mombasa,12/05/2017,Horticulture,Kales,Bag,50,1800,low,31,31,24,26,7.84,11.7,300235,1837438.2
Mombasa,17/05/2017,Horticulture,Kales,Bag,50,1000,low,29,30,23,7,7.84,11.7,300235,1837438.2
Mombasa,22/05/2017,Horticulture,Kales,Bag,50,1000,low,29,28,21,28,7.84,11.7,300235,1837438.2
Mombasa,23/05/2017,Horticulture,Kales,Bag,50,1500,low,29,30,21,0,7.84,11.7,300235,1837438.2
Mombasa,24/05/2017,Horticulture,Kales,Bag,50,1000,low,29,30,22,0,7.84,11.7,300235,1837438.2
Mombasa,25/05/2017,Horticulture,Kales,Bag,50,1100,low,29,30,22,0,7.84,11.7,300235,1837438.2
Mombasa,26/05/2017,Horticulture,Kales,Bag,50,1000,low,29,31,22,2,7.84,11.7,300235,1837438.2
Mombasa,06/06/2017,Horticulture,Kales,Bag,50,1500,low,29,31,23,0,8.13,9.21,300571,1839494.52
Mombasa,07/06/2017,Horticulture,Kales,Bag,50,1000,low,28,29,22,0,8.13,9.21,300571,1839494.52
Mombasa,11/06/2017,Horticulture,Kales,Bag,50,1500,low,30,30,23,0,8.13,9.21,300571,1839494.52
Mombasa,12/06/2017,Horticulture,Kales,Bag,50,1800,low,31,32,23,0,8.13,9.21,300571,1839494.52
Mombasa,16/06/2017,Horticulture,Kales,Bag,50,900,low,28,30,22,0,8.13,9.21,300571,1839494.52
Mombasa,19/06/2017,Horticulture,Kales,Bag,50,900,low,28,28,22,11,8.13,9.21,300571,1839494.52
Mombasa,20/06/2017,Horticulture,Kales,Bag,50,900,low,28,30,22,0,8.13,9.21,300571,1839494.52
Mombasa,21/06/2017,Horticulture,Kales,Bag,50,800,low,28,29,21,0,8.13,9.21,300571,1839494.52
Mombasa,22/06/2017,Horticulture,Kales,Bag,50,1000,low,28,30,21,0,8.13,9.21,300571,1839494.52
Mombasa,23/06/2017,Horticulture,Kales,Bag,50,900,low,28,30,21,0,8.13,9.21,300571,1839494.52
Mombasa,27/06/2017,Horticulture,Kales,Bag,50,1000,low,28,30,21,1,8.13,9.21,300571,1839494.52
Mombasa,28/06/2017,Horticulture,Kales,Bag,50,1200,low,28,28,21,1,8.13,9.21,300571,1839494.52
Mombasa,29/06/2017,Horticulture,Kales,Bag,50,1200,low,28,29,21,0,8.13,9.21,300571,1839494.52
Mombasa,30/06/2017,Horticulture,Kales,Bag,50,1200,low,28,30,21,0,8.13,9.21,300571,1839494.52
Mombasa,07/07/2017,Horticulture,Kales,Bag,50,1000,low,28,30,21,0,8.21,7.47,300907,1841550.84
Mombasa,08/07/2017,Horticulture,Kales,Bag,50,800,low,28,30,20,0,8.21,7.47,300907,1841550.84
Mombasa,09/07/2017,Horticulture,Kales,Bag,50,1200,low,28,29,23,2,8.21,7.47,300907,1841550.84
Mombasa,12/07/2017,Horticulture,Kales,Bag,50,1800,low,31,32,25,24,8.21,7.47,300907,1841550.84
Mombasa,19/07/2017,Horticulture,Kales,Bag,50,1000,low,28,31,22,0,8.21,7.47,300907,1841550.84
Mombasa,24/07/2017,Horticulture,Kales,Bag,50,1000,low,28,30,21,0,8.21,7.47,300907,1841550.84
Mombasa,25/07/2017,Horticulture,Kales,Bag,50,900,low,28,30,21,0,8.21,7.47,300907,1841550.84
Mombasa,27/07/2017,Horticulture,Kales,Bag,50,800,low,28,28,22,0,8.21,7.47,300907,1841550.84
Mombasa,28/07/2017,Horticulture,Kales,Bag,50,800,low,28,31,21,0,8.21,7.47,300907,1841550.84
Mombasa,31/07/2017,Horticulture,Kales,Bag,50,1200,low,28,27,23,56,8.21,7.47,300907,1841550.84
Mombasa,02/08/2017,Horticulture,Kales,Bag,50,2500,peak,32,32,24,0,8.36,8.04,301244,1843613.28
Mombasa,03/08/2017,Horticulture,Kales,Bag,50,1500,peak,32,34,25,0,8.36,8.04,301244,1843613.28
Mombasa,09/08/2017,Horticulture,Kales,Bag,50,1100,peak,28,29,23,0,8.36,8.04,301244,1843613.28
Mombasa,14/08/2017,Horticulture,Kales,Bag,50,1700,peak,28,28,21,12,8.36,8.04,301244,1843613.28
Mombasa,21/08/2017,Horticulture,Kales,Bag,50,800,peak,28,27,22,8,8.36,8.04,301244,1843613.28
Mombasa,28/08/2017,Horticulture,Kales,Bag,50,1500,peak,28,29,22,0,8.36,8.04,301244,1843613.28
Mombasa,29/08/2017,Horticulture,Kales,Bag,50,1500,peak,28,29,21,0,8.36,8.04,301244,1843613.28
Mombasa,30/08/2017,Horticulture,Kales,Bag,50,1500,peak,28,29,20,0,8.36,8.04,301244,1843613.28
Mombasa,31/08/2017,Horticulture,Kales,Bag,50,1500,peak,28,29,21,0,8.36,8.04,301244,1843613.28
Mombasa,11/09/2017,Horticulture,Kales,Bag,50,1500,normal,30,32,24,0,8.4,7.06,301581,1845675.72
Mombasa,25/09/2017,Horticulture,Kales,Bag,50,1000,normal,29,29,22,0,8.4,7.06,301581,1845675.72
Mombasa,29/09/2017,Horticulture,Kales,Bag,50,1400,normal,29,30,23,0,8.4,7.06,301581,1845675.72
Mombasa,05/10/2017,Horticulture,Kales,Bag,50,1200,normal,30,31,22,0,8.33,5.72,301918,1847738.16
Mombasa,11/10/2017,Horticulture,Kales,Bag,50,1800,normal,30,31,24,0,8.33,5.72,301918,1847738.16
Mombasa,23/10/2017,Horticulture,Kales,Bag,50,1400,normal,30,28,22,14,8.33,5.72,301918,1847738.16
Mombasa,24/10/2017,Horticulture,Kales,Bag,50,1400,normal,30,28,24,27,8.33,5.72,301918,1847738.16
Mombasa,30/10/2017,Horticulture,Kales,Bag,50,1400,normal,30,30,24,0,8.33,5.72,301918,1847738.16
Mombasa,31/10/2017,Horticulture,Kales,Bag,50,1600,normal,30,31,23,2,8.33,5.72,301918,1847738.16
Mombasa,08/11/2017,Horticulture,Kales,Bag,50,1700,normal,28,29,22,0,8.15,4.73,302256,1849806.72
Mombasa,12/11/2017,Horticulture,Kales,Bag,50,1700,normal,31,32,23,0,8.15,4.73,302256,1849806.72
Mombasa,13/11/2017,Horticulture,Kales,Bag,50,1800,normal,31,29,23,17,8.15,4.73,302256,1849806.72
Mombasa,14/11/2017,Horticulture,Kales,Bag,50,2300,normal,31,31,23,0,8.15,4.73,302256,1849806.72
Mombasa,16/11/2017,Horticulture,Kales,Bag,50,1500,normal,31,31,24,0,8.15,4.73,302256,1849806.72
Mombasa,17/11/2017,Horticulture,Kales,Bag,50,1500,normal,31,31,25,0,8.15,4.73,302256,1849806.72
Mombasa,21/11/2017,Horticulture,Kales,Bag,50,1800,normal,31,30,24,2,8.15,4.73,302256,1849806.72
Mombasa,22/11/2017,Horticulture,Kales,Bag,50,1800,normal,31,31,24,0,8.15,4.73,302256,1849806.72
Mombasa,23/11/2017,Horticulture,Kales,Bag,50,1500,normal,31,32,24,0,8.15,4.73,302256,1849806.72
Mombasa,24/11/2017,Horticulture,Kales,Bag,50,1500,normal,31,32,24,0,8.15,4.73,302256,1849806.72
Mombasa,27/11/2017,Horticulture,Kales,Bag,50,1500,normal,31,33,24,0,8.15,4.73,302256,1849806.72
Mombasa,29/11/2017,Horticulture,Kales,Bag,50,1800,normal,31,32,25,0,8.15,4.73,302256,1849806.72
Mombasa,30/11/2017,Horticulture,Kales,Bag,50,1800,normal,31,31,24,10,8.15,4.73,302256,1849806.72
Mombasa,05/12/2017,Horticulture,Kales,Bag,50,1300,peak,30,30,24,0,7.98,4.5,302594,1851875.28
Mombasa,15/12/2017,Horticulture,Kales,Bag,50,1900,peak,31,31,23,0,7.98,4.5,302594,1851875.28
Mombasa,18/12/2017,Horticulture,Kales,Bag,50,1900,peak,31,32,23,0,7.98,4.5,302594,1851875.28
Mombasa,19/12/2017,Horticulture,Kales,Bag,50,1900,peak,31,31,24,0,7.98,4.5,302594,1851875.28
Mombasa,02/01/2018,Horticulture,Kales,Bag,50,2500,low,32,31,23,0,7.79,4.83,302932,1853943.84
Mombasa,03/01/2018,Horticulture,Kales,Bag,50,3500,low,32,32,23,29,7.79,4.83,302932,1853943.84
Mombasa,15/01/2018,Horticulture,Kales,Bag,50,1800,low,32,32,22,0,7.79,4.83,302932,1853943.84
Mombasa,16/01/2018,Horticulture,Kales,Bag,50,1800,low,32,32,22,0,7.79,4.83,302932,1853943.84
Mombasa,17/01/2018,Horticulture,Kales,Bag,50,1800,low,32,31,23,0,7.79,4.83,302932,1853943.84
Mombasa,18/01/2018,Horticulture,Kales,Bag,50,2000,low,32,30,23,0,7.79,4.83,302932,1853943.84
Mombasa,19/01/2018,Horticulture,Kales,Bag,50,2000,low,32,32,23,0,7.79,4.83,302932,1853943.84
Mombasa,20/01/2018,Horticulture,Kales,Bag,50,1800,low,32,32,22,0,7.79,4.83,302932,1853943.84
Mombasa,21/01/2018,Horticulture,Kales,Bag,50,1800,low,32,32,23,0,7.79,4.83,302932,1853943.84
Mombasa,22/01/2018,Horticulture,Kales,Bag,50,1900,low,32,31,23,0,7.79,4.83,302932,1853943.84
Mombasa,27/01/2018,Horticulture,Kales,Bag,50,1900,low,32,31,24,0,7.79,4.83,302932,1853943.84
Mombasa,28/01/2018,Horticulture,Kales,Bag,50,1900,low,32,31,22,0,7.79,4.83,302932,1853943.84
Mombasa,29/01/2018,Horticulture,Kales,Bag,50,1900,low,32,32,23,0,7.79,4.83,302932,1853943.84
Mombasa,01/02/2018,Horticulture,Kales,Bag,50,1800,low,31,32,24,0,7.4,4.46,303271,1856018.52
Mombasa,02/02/2018,Horticulture,Kales,Bag,50,2500,low,32,33,23,0,7.4,4.46,303271,1856018.52
Mombasa,03/02/2018,Horticulture,Kales,Bag,50,2500,low,32,35,22,0,7.4,4.46,303271,1856018.52
Mombasa,13/02/2018,Horticulture,Kales,Bag,50,1800,low,32,33,23,0,7.4,4.46,303271,1856018.52
Mombasa,15/02/2018,Horticulture,Kales,Bag,50,1800,low,32,33,24,0,7.4,4.46,303271,1856018.52
Mombasa,16/02/2018,Horticulture,Kales,Bag,50,1800,low,32,33,24,0,7.4,4.46,303271,1856018.52
Mombasa,19/02/2018,Horticulture,Kales,Bag,50,1800,low,32,33,23,0,7.4,4.46,303271,1856018.52
Mombasa,20/02/2018,Horticulture,Kales,Bag,50,1800,low,32,34,24,0,7.4,4.46,303271,1856018.52
Mombasa,21/02/2018,Horticulture,Kales,Bag,50,2700,low,32,34,25,0,7.4,4.46,303271,1856018.52
Mombasa,22/02/2018,Horticulture,Kales,Bag,50,3000,low,32,33,25,0,7.4,4.46,303271,1856018.52
Mombasa,23/02/2018,Horticulture,Kales,Bag,50,2800,low,32,34,24,0,7.4,4.46,303271,1856018.52
Mombasa,26/02/2018,Horticulture,Kales,Bag,50,3500,low,32,33,24,0,7.4,4.46,303271,1856018.52
Mombasa,27/02/2018,Horticulture,Kales,Bag,50,3500,low,32,34,25,0,7.4,4.46,303271,1856018.52
Mombasa,28/02/2018,Horticulture,Kales,Bag,50,3500,low,32,34,23,0,7.4,4.46,303271,1856018.52
Mombasa,01/03/2018,Horticulture,Kales,Bag,50,1800,low,31,33,24,0,6.89,4.18,303610,1858093.2
Mombasa,13/03/2018,Horticulture,Kales,Bag,50,2300,low,32,29,23,4,6.89,4.18,303610,1858093.2
Mombasa,14/03/2018,Horticulture,Kales,Bag,50,2000,low,32,31,24,382,6.89,4.18,303610,1858093.2
Mombasa,15/03/2018,Horticulture,Kales,Bag,50,1500,low,32,32,23,54,6.89,4.18,303610,1858093.2
Mombasa,16/03/2018,Horticulture,Kales,Bag,50,2400,low,32,32,22,29,6.89,4.18,303610,1858093.2
Mombasa,19/03/2018,Horticulture,Kales,Bag,50,2000,low,32,33,25,1,6.89,4.18,303610,1858093.2
Mombasa,20/03/2018,Horticulture,Kales,Bag,50,1500,low,32,31,24,0,6.89,4.18,303610,1858093.2
Mombasa,21/03/2018,Horticulture,Kales,Bag,50,1200,low,32,31,24,0,6.89,4.18,303610,1858093.2
Mombasa,22/03/2018,Horticulture,Kales,Bag,50,1800,low,32,33,24,0,6.89,4.18,303610,1858093.2
Mombasa,26/03/2018,Horticulture,Kales,Bag,50,1800,low,32,32,24,1,6.89,4.18,303610,1858093.2
Mombasa,27/03/2018,Horticulture,Kales,Bag,50,1550,low,32,30,25,4,6.89,4.18,303610,1858093.2
Mombasa,28/03/2018,Horticulture,Kales,Bag,50,1400,low,32,32,24,0,6.89,4.18,303610,1858093.2
Mombasa,01/04/2018,Horticulture,Kales,Bag,50,1800,peak,32,30,24,0,6.24,3.73,303950,1860174
Mombasa,04/04/2018,Horticulture,Kales,Bag,50,1400,peak,32,31,25,0,6.24,3.73,303950,1860174
Mombasa,16/04/2018,Horticulture,Kales,Bag,50,1500,peak,31,31,22,0,6.24,3.73,303950,1860174
Mombasa,17/04/2018,Horticulture,Kales,Bag,50,1500,peak,31,28,24,0,6.24,3.73,303950,1860174
Mombasa,18/04/2018,Horticulture,Kales,Bag,50,1650,peak,31,31,23,0,6.24,3.73,303950,1860174
Mombasa,19/04/2018,Horticulture,Kales,Bag,50,1500,peak,31,32,24,0,6.24,3.73,303950,1860174
Mombasa,20/04/2018,Horticulture,Kales,Bag,50,1300,peak,31,29,24,0,6.24,3.73,303950,1860174
Mombasa,23/04/2018,Horticulture,Kales,Bag,50,1300,peak,31,32,24,0,6.24,3.73,303950,1860174
Mombasa,24/04/2018,Horticulture,Kales,Bag,50,1800,peak,31,32,25,0,6.24,3.73,303950,1860174
Mombasa,25/04/2018,Horticulture,Kales,Bag,50,1650,peak,31,31,24,0,6.24,3.73,303950,1860174
Mombasa,26/04/2018,Horticulture,Kales,Bag,50,1400,peak,31,31,23,0,6.24,3.73,303950,1860174
Mombasa,27/04/2018,Horticulture,Kales,Bag,50,1300,peak,30,31,24,2,6.24,3.73,303950,1860174
Mombasa,01/05/2018,Horticulture,Kales,Bag,50,1800,low,32,32,26,0,5.61,3.95,304290,1862254.8
Mombasa,03/05/2018,Horticulture,Kales,Bag,50,2500,low,32,32,23,0,5.61,3.95,304290,1862254.8
Mombasa,04/05/2018,Horticulture,Kales,Bag,50,1150,low,32,32,24,0,5.61,3.95,304290,1862254.8
Kisumu,02/01/2017,Horticulture,Kales,Bag,50,3000,low,31,30,18,0,6.26,6.99,266453,1630692.36
Kisumu,08/01/2017,Horticulture,Kales,Bag,50,1250,low,29,28,19,0,6.26,6.99,266453,1630692.36
Kisumu,09/01/2017,Horticulture,Kales,Bag,50,1200,low,30,27,18,4,6.26,6.99,266453,1630692.36
Kisumu,12/01/2017,Horticulture,Kales,Bag,50,1500,low,30,28,18,0,6.26,6.99,266453,1630692.36
Kisumu,17/01/2017,Horticulture,Kales,Bag,50,2500,low,31,34,17,0,6.26,6.99,266453,1630692.36
Kisumu,18/01/2017,Horticulture,Kales,Bag,50,2500,low,31,34,7,0,6.26,6.99,266453,1630692.36
Kisumu,19/01/2017,Horticulture,Kales,Bag,50,2500,low,31,34,18,0,6.26,6.99,266453,1630692.36
Kisumu,20/01/2017,Horticulture,Kales,Bag,50,2500,low,31,30,20,0,6.26,6.99,266453,1630692.36
Kisumu,23/01/2017,Horticulture,Kales,Bag,50,2500,low,31,35,20,0,6.26,6.99,266453,1630692.36
Kisumu,31/01/2017,Horticulture,Kales,Bag,50,2700,low,31,26,19,10,6.26,6.99,266453,1630692.36
Kisumu,06/02/2017,Horticulture,Kales,Bag,50,1300,low,28,29,20,6,6.43,9.04,266751,1632516.12
Kisumu,08/02/2017,Horticulture,Kales,Bag,50,1250,low,29,25,18,1,6.43,9.04,266751,1632516.12
Kisumu,11/02/2017,Horticulture,Kales,Bag,50,1800,low,30,30,18,0,6.43,9.04,266751,1632516.12
Kisumu,14/02/2017,Horticulture,Kales,Bag,50,2500,low,31,35,20,0,6.43,9.04,266751,1632516.12
Kisumu,15/02/2017,Horticulture,Kales,Bag,50,2500,low,31,35,20,0,6.43,9.04,266751,1632516.12
Kisumu,16/02/2017,Horticulture,Kales,Bag,50,2500,low,31,33,20,3,6.43,9.04,266751,1632516.12
Kisumu,17/02/2017,Horticulture,Kales,Bag,50,2500,low,31,24,18,27,6.43,9.04,266751,1632516.12
Kisumu,21/02/2017,Horticulture,Kales,Bag,50,1500,low,31,20,19,0,6.43,9.04,266751,1632516.12
Kisumu,22/02/2017,Horticulture,Kales,Bag,50,1500,low,31,30,19,5,6.43,9.04,266751,1632516.12
Kisumu,24/02/2017,Horticulture,Kales,Bag,50,1400,low,31,32,20,5,6.43,9.04,266751,1632516.12
Kisumu,28/02/2017,Horticulture,Kales,Bag,50,1500,low,31,31,19,6,6.43,9.04,266751,1632516.12
Kisumu,08/03/2017,Horticulture,Kales,Bag,50,1200,low,29,29,17,0,6.76,10.28,267049,1634339.88
Kisumu,11/03/2017,Horticulture,Kales,Bag,50,1500,low,30,31,17,20,6.76,10.28,267049,1634339.88
Kisumu,14/03/2017,Horticulture,Kales,Bag,50,1200,low,31,34,22,0,6.76,10.28,267049,1634339.88
Kisumu,15/03/2017,Horticulture,Kales,Bag,50,1300,low,31,32,20,0,6.76,10.28,267049,1634339.88
Kisumu,22/03/2017,Horticulture,Kales,Bag,50,1700,low,30,33,19,2,6.76,10.28,267049,1634339.88
Kisumu,23/03/2017,Horticulture,Kales,Bag,50,1700,low,30,29,20,4,6.76,10.28,267049,1634339.88
Kisumu,24/03/2017,Horticulture,Kales,Bag,50,1700,low,30,30,19,0,6.76,10.28,267049,1634339.88
Kisumu,28/03/2017,Horticulture,Kales,Bag,50,2500,low,30,30,19,1,6.76,10.28,267049,1634339.88
Kisumu,30/03/2017,Horticulture,Kales,Bag,50,2500,low,30,30,18,53,6.76,10.28,267049,1634339.88
Kisumu,31/03/2017,Horticulture,Kales,Bag,50,2500,low,30,29,17,0,6.76,10.28,267049,1634339.88
Kisumu,04/04/2017,Horticulture,Kales,Bag,50,2000,peak,30,31,19,0,7.2,11.48,267348,1636169.76
Kisumu,07/04/2017,Horticulture,Kales,Bag,50,1300,peak,28,28,19,0,7.2,11.48,267348,1636169.76
Kisumu,08/04/2017,Horticulture,Kales,Bag,50,1300,peak,29,29,17,0,7.2,11.48,267348,1636169.76
Kisumu,09/04/2017,Horticulture,Kales,Bag,50,1200,peak,30,26,28,2,7.2,11.48,267348,1636169.76
Kisumu,11/04/2017,Horticulture,Kales,Bag,50,1300,peak,30,29,18,15,7.2,11.48,267348,1636169.76
Kisumu,12/04/2017,Horticulture,Kales,Bag,50,1300,peak,30,30,18,0,7.2,11.48,267348,1636169.76
Kisumu,19/04/2017,Horticulture,Kales,Bag,50,2200,peak,29,29,20,5,7.2,11.48,267348,1636169.76
Kisumu,20/04/2017,Horticulture,Kales,Bag,50,2000,peak,29,29,19,27,7.2,11.48,267348,1636169.76
Kisumu,21/04/2017,Horticulture,Kales,Bag,50,2000,peak,29,48,18,0,7.2,11.48,267348,1636169.76
Kisumu,24/04/2017,Horticulture,Kales,Bag,50,1800,peak,29,21,18,0,7.2,11.48,267348,1636169.76
Kisumu,27/04/2017,Horticulture,Kales,Bag,50,1800,peak,29,29,19,12,7.2,11.48,267348,1636169.76
Kisumu,09/05/2017,Horticulture,Kales,Bag,50,1200,low,30,27,18,0,7.84,11.7,267647,1637999.64
Kisumu,12/05/2017,Horticulture,Kales,Bag,50,1300,low,30,29,21,0,7.84,11.7,267647,1637999.64
Kisumu,17/05/2017,Horticulture,Kales,Bag,50,1300,low,28,28,20,3,7.84,11.7,267647,1637999.64
Kisumu,22/05/2017,Horticulture,Kales,Bag,50,1000,low,28,28,18,0,7.84,11.7,267647,1637999.64
Kisumu,23/05/2017,Horticulture,Kales,Bag,50,1000,low,28,28,18,1,7.84,11.7,267647,1637999.64
Kisumu,24/05/2017,Horticulture,Kales,Bag,50,1200,low,28,29,17,0,7.84,11.7,267647,1637999.64
Kisumu,25/05/2017,Horticulture,Kales,Bag,50,1200,low,28,29,18,0,7.84,11.7,267647,1637999.64
Kisumu,26/05/2017,Horticulture,Kales,Bag,50,1200,low,28,29,19,17,7.84,11.7,267647,1637999.64
Kisumu,06/06/2017,Horticulture,Kales,Bag,50,1200,low,28,29,20,10,8.13,9.21,267946,1639829.52
Kisumu,07/06/2017,Horticulture,Kales,Bag,50,1300,low,28,28,17,1,8.13,9.21,267946,1639829.52
Kisumu,11/06/2017,Horticulture,Kales,Bag,50,1500,low,30,28,17,2,8.13,9.21,267946,1639829.52
Kisumu,12/06/2017,Horticulture,Kales,Bag,50,1400,low,30,29,19,24,8.13,9.21,267946,1639829.52
Kisumu,16/06/2017,Horticulture,Kales,Bag,50,1200,low,28,27,18,0,8.13,9.21,267946,1639829.52
Kisumu,19/06/2017,Horticulture,Kales,Bag,50,1500,low,28,29,18,0,8.13,9.21,267946,1639829.52
Kisumu,20/06/2017,Horticulture,Kales,Bag,50,1500,low,28,23,17,0,8.13,9.21,267946,1639829.52
Kisumu,21/06/2017,Horticulture,Kales,Bag,50,1500,low,28,29,17,0,8.13,9.21,267946,1639829.52
Kisumu,22/06/2017,Horticulture,Kales,Bag,50,1250,low,28,28,17,2,8.13,9.21,267946,1639829.52
Kisumu,23/06/2017,Horticulture,Kales,Bag,50,1500,low,28,29,16,0,8.13,9.21,267946,1639829.52
Kisumu,27/06/2017,Horticulture,Kales,Bag,50,1200,low,28,30,16,0,8.13,9.21,267946,1639829.52
Kisumu,28/06/2017,Horticulture,Kales,Bag,50,1200,low,28,28,18,0,8.13,9.21,267946,1639829.52
Kisumu,29/06/2017,Horticulture,Kales,Bag,50,1200,low,28,26,18,0,8.13,9.21,267946,1639829.52
Kisumu,30/06/2017,Horticulture,Kales,Bag,50,1200,low,28,22,17,2,8.13,9.21,267946,1639829.52
Kisumu,07/07/2017,Horticulture,Kales,Bag,50,1350,low,28,27,17,0,8.21,7.47,268246,1641665.52
Kisumu,08/07/2017,Horticulture,Kales,Bag,50,1300,low,29,29,18,0,8.21,7.47,268246,1641665.52
Kisumu,09/07/2017,Horticulture,Kales,Bag,50,1200,low,30,28,18,0,8.21,7.47,268246,1641665.52
Kisumu,12/07/2017,Horticulture,Kales,Bag,50,1400,low,30,30,20,0,8.21,7.47,268246,1641665.52
Kisumu,19/07/2017,Horticulture,Kales,Bag,50,1300,low,28,29,17,0,8.21,7.47,268246,1641665.52
Kisumu,24/07/2017,Horticulture,Kales,Bag,50,1250,low,28,27,20,0,8.21,7.47,268246,1641665.52
Kisumu,25/07/2017,Horticulture,Kales,Bag,50,1250,low,28,25,19,0,8.21,7.47,268246,1641665.52
Kisumu,27/07/2017,Horticulture,Kales,Bag,50,1250,low,29,27,18,0,8.21,7.47,268246,1641665.52
Kisumu,28/07/2017,Horticulture,Kales,Bag,50,1250,low,29,29,19,0,8.21,7.47,268246,1641665.52
Kisumu,31/07/2017,Horticulture,Kales,Bag,50,1250,low,29,29,19,0,8.21,7.47,268246,1641665.52
Kisumu,02/08/2017,Horticulture,Kales,Bag,50,2500,peak,31,31,19,0,8.36,8.04,268546,1643501.52
Kisumu,03/08/2017,Horticulture,Kales,Bag,50,1400,peak,31,34,18,4,8.36,8.04,268546,1643501.52
Kisumu,09/08/2017,Horticulture,Kales,Bag,50,1200,peak,30,30,17,0,8.36,8.04,268546,1643501.52
Kisumu,14/08/2017,Horticulture,Kales,Bag,50,1500,peak,29,29,18,1,8.36,8.04,268546,1643501.52
Kisumu,21/08/2017,Horticulture,Kales,Bag,50,1300,peak,29,29,17,6,8.36,8.04,268546,1643501.52
Kisumu,28/08/2017,Horticulture,Kales,Bag,50,1300,peak,29,29,19,3,8.36,8.04,268546,1643501.52
Kisumu,29/08/2017,Horticulture,Kales,Bag,50,1300,peak,29,28,20,0,8.36,8.04,268546,1643501.52
Kisumu,30/08/2017,Horticulture,Kales,Bag,50,1300,peak,29,26,20,0,8.36,8.04,268546,1643501.52
Kisumu,31/08/2017,Horticulture,Kales,Bag,50,1200,peak,30,29,17,4,8.36,8.04,268546,1643501.52
Kisumu,11/09/2017,Horticulture,Kales,Bag,50,1300,normal,30,29,18,0,8.4,7.06,268846,1645337.52
Kisumu,25/09/2017,Horticulture,Kales,Bag,50,1200,normal,30,31,19,3,8.4,7.06,268846,1645337.52
Kisumu,29/09/2017,Horticulture,Kales,Bag,50,1000,normal,31,30,19,0,8.4,7.06,268846,1645337.52
Kisumu,05/10/2017,Horticulture,Kales,Bag,50,1400,normal,28,29,17,9,8.33,5.72,269147,1647179.64
Kisumu,11/10/2017,Horticulture,Kales,Bag,50,1300,normal,30,29,17,0,8.33,5.72,269147,1647179.64
Kisumu,23/10/2017,Horticulture,Kales,Bag,50,1500,normal,31,28,20,3,8.33,5.72,269147,1647179.64
Kisumu,24/10/2017,Horticulture,Kales,Bag,50,1500,normal,31,28,20,1,8.33,5.72,269147,1647179.64
Kisumu,30/10/2017,Horticulture,Kales,Bag,50,1500,normal,30,30,19,0,8.33,5.72,269147,1647179.64
Kisumu,31/10/2017,Horticulture,Kales,Bag,50,2000,normal,30,30,18,12,8.33,5.72,269147,1647179.64
Kisumu,08/11/2017,Horticulture,Kales,Bag,50,1300,normal,29,28,18,0,8.15,4.73,269448,1649021.76
Kisumu,12/11/2017,Horticulture,Kales,Bag,50,1300,normal,30,30,18,0,8.15,4.73,269448,1649021.76
Kisumu,13/11/2017,Horticulture,Kales,Bag,50,1200,normal,30,28,17,16,8.15,4.73,269448,1649021.76
Kisumu,14/11/2017,Horticulture,Kales,Bag,50,1200,normal,30,30,17,1,8.15,4.73,269448,1649021.76
Kisumu,16/11/2017,Horticulture,Kales,Bag,50,1200,normal,30,30,17,0,8.15,4.73,269448,1649021.76
Kisumu,17/11/2017,Horticulture,Kales,Bag,50,1200,normal,30,31,18,0,8.15,4.73,269448,1649021.76
Kisumu,21/11/2017,Horticulture,Kales,Bag,50,1200,normal,30,30,20,0,8.15,4.73,269448,1649021.76
Kisumu,22/11/2017,Horticulture,Kales,Bag,50,1500,normal,30,30,19,1,8.15,4.73,269448,1649021.76
Kisumu,23/11/2017,Horticulture,Kales,Bag,50,1500,normal,30,31,18,1,8.15,4.73,269448,1649021.76
Kisumu,24/11/2017,Horticulture,Kales,Bag,50,1500,normal,30,28,18,3,8.15,4.73,269448,1649021.76
Kisumu,27/11/2017,Horticulture,Kales,Bag,50,1500,normal,30,29,17,0,8.15,4.73,269448,1649021.76
Kisumu,29/11/2017,Horticulture,Kales,Bag,50,1500,normal,30,31,20,1,8.15,4.73,269448,1649021.76
Kisumu,30/11/2017,Horticulture,Kales,Bag,50,1500,normal,30,31,17,4,8.15,4.73,269448,1649021.76
Kisumu,01/12/2017,Horticulture,Kales,Bag,50,2000,peak,31,32,18,0,7.98,4.5,269749,1650863.88
Kisumu,05/12/2017,Horticulture,Kales,Bag,50,1400,peak,28,28,19,1,7.98,4.5,269749,1650863.88
Kisumu,15/12/2017,Horticulture,Kales,Bag,50,1300,peak,30,30,19,1,7.98,4.5,269749,1650863.88
Kisumu,18/12/2017,Horticulture,Kales,Bag,50,1300,peak,30,31,19,0,7.98,4.5,269749,1650863.88
Kisumu,19/12/2017,Horticulture,Kales,Bag,50,1400,peak,30,33,19,0,7.98,4.5,269749,1650863.88
Kisumu,02/01/2018,Horticulture,Kales,Bag,50,2700,low,31,33,18,0,7.79,4.83,270051,1652712.12
Kisumu,03/01/2018,Horticulture,Kales,Bag,50,2500,low,31,28,18,5,7.79,4.83,270051,1652712.12
Kisumu,15/01/2018,Horticulture,Kales,Bag,50,2500,low,31,31,17,4,7.79,4.83,270051,1652712.12
Kisumu,16/01/2018,Horticulture,Kales,Bag,50,2500,low,31,29,17,0,7.79,4.83,270051,1652712.12
Kisumu,17/01/2018,Horticulture,Kales,Bag,50,2500,low,31,30,18,0,7.79,4.83,270051,1652712.12
Kisumu,18/01/2018,Horticulture,Kales,Bag,50,2500,low,31,29,18,0,7.79,4.83,270051,1652712.12
Kisumu,19/01/2018,Horticulture,Kales,Bag,50,2500,low,31,31,18,0,7.79,4.83,270051,1652712.12
Kisumu,20/01/2018,Horticulture,Kales,Bag,50,1500,low,31,28,19,8,7.79,4.83,270051,1652712.12
Kisumu,21/01/2018,Horticulture,Kales,Bag,50,1500,low,31,28,18,0,7.79,4.83,270051,1652712.12
Kisumu,22/01/2018,Horticulture,Kales,Bag,50,1500,low,31,31,20,0,7.79,4.83,270051,1652712.12
Kisumu,27/01/2018,Horticulture,Kales,Bag,50,1500,low,31,30,19,0,7.79,4.83,270051,1652712.12
Kisumu,28/01/2018,Horticulture,Kales,Bag,50,1500,low,31,31,18,0,7.79,4.83,270051,1652712.12
Kisumu,29/01/2018,Horticulture,Kales,Bag,50,1500,low,31,32,20,0,7.79,4.83,270051,1652712.12
Kisumu,01/02/2018,Horticulture,Kales,Bag,50,1500,low,30,28,19,0,7.4,4.46,270353,1654560.36
Kisumu,02/02/2018,Horticulture,Kales,Bag,50,2700,low,31,34,19,0,7.4,4.46,270353,1654560.36
Kisumu,03/02/2018,Horticulture,Kales,Bag,50,2500,low,31,27,18,25,7.4,4.46,270353,1654560.36
Kisumu,13/02/2018,Horticulture,Kales,Bag,50,2700,low,31,36,18,0,7.4,4.46,270353,1654560.36
Kisumu,15/02/2018,Horticulture,Kales,Bag,50,2700,low,31,37,19,0,7.4,4.46,270353,1654560.36
Kisumu,16/02/2018,Horticulture,Kales,Bag,50,2700,low,31,36,19,0,7.4,4.46,270353,1654560.36
Kisumu,19/02/2018,Horticulture,Kales,Bag,50,2700,low,31,32,19,0,7.4,4.46,270353,1654560.36
Kisumu,20/02/2018,Horticulture,Kales,Bag,50,2700,low,31,32,20,12,7.4,4.46,270353,1654560.36
Kisumu,21/02/2018,Horticulture,Kales,Bag,50,2600,low,31,28,21,0,7.4,4.46,270353,1654560.36
Kisumu,22/02/2018,Horticulture,Kales,Bag,50,2600,low,31,30,25,0,7.4,4.46,270353,1654560.36
Kisumu,23/02/2018,Horticulture,Kales,Bag,50,2600,low,31,31,20,26,7.4,4.46,270353,1654560.36
Kisumu,26/02/2018,Horticulture,Kales,Bag,50,2700,low,31,30,18,0,7.4,4.46,270353,1654560.36
Kisumu,27/02/2018,Horticulture,Kales,Bag,50,2700,low,31,25,22,0,7.4,4.46,270353,1654560.36
Kisumu,28/02/2018,Horticulture,Kales,Bag,50,2500,low,31,28,21,0,7.4,4.46,270353,1654560.36
Kisumu,01/03/2018,Horticulture,Kales,Bag,50,2500,low,30,28,20,0,6.89,4.18,270655,1656408.6
Kisumu,13/03/2018,Horticulture,Kales,Bag,50,2000,low,31,24,19,1,6.89,4.18,270655,1656408.6
Kisumu,14/03/2018,Horticulture,Kales,Bag,50,1800,low,31,29,19,7,6.89,4.18,270655,1656408.6
Kisumu,15/03/2018,Horticulture,Kales,Bag,50,1800,low,31,25,19,2,6.89,4.18,270655,1656408.6
Kisumu,16/03/2018,Horticulture,Kales,Bag,50,1500,low,31,27,18,42,6.89,4.18,270655,1656408.6
Kisumu,19/03/2018,Horticulture,Kales,Bag,50,1500,low,30,27,19,5,6.89,4.18,270655,1656408.6
Kisumu,20/03/2018,Horticulture,Kales,Bag,50,1500,low,30,27,18,13,6.89,4.18,270655,1656408.6
Kisumu,21/03/2018,Horticulture,Kales,Bag,50,1500,low,30,28,17,0,6.89,4.18,270655,1656408.6
Kisumu,22/03/2018,Horticulture,Kales,Bag,50,1500,low,30,30,17,0,6.89,4.18,270655,1656408.6
Kisumu,26/03/2018,Horticulture,Kales,Bag,50,1200,low,30,28,19,0,6.89,4.18,270655,1656408.6
Kisumu,27/03/2018,Horticulture,Kales,Bag,50,1200,low,30,30,18,10,6.89,4.18,270655,1656408.6
Kisumu,28/03/2018,Horticulture,Kales,Bag,50,1300,low,30,29,20,2,6.89,4.18,270655,1656408.6
Kisumu,01/04/2018,Horticulture,Kales,Bag,50,2500,peak,30,27,20,2,6.24,3.73,270958,1658263
Kisumu,04/04/2018,Horticulture,Kales,Bag,50,800,peak,30,26,19,1,6.24,3.73,270958,1658263
Kisumu,16/04/2018,Horticulture,Kales,Bag,50,1200,peak,29,25,18,0,6.24,3.73,270958,1658263
Kisumu,17/04/2018,Horticulture,Kales,Bag,50,1200,peak,29,24,18,6,6.24,3.73,270958,1658263
Kisumu,18/04/2018,Horticulture,Kales,Bag,50,1200,peak,29,27,18,0,6.24,3.73,270958,1658263
Kisumu,19/04/2018,Horticulture,Kales,Bag,50,1500,peak,29,28,19,7,6.24,3.73,270958,1658263
Kisumu,20/04/2018,Horticulture,Kales,Bag,50,1500,peak,29,29,18,1,6.24,3.73,270958,1658263
Kisumu,23/04/2018,Horticulture,Kales,Bag,50,1400,peak,29,28,18,1,6.24,3.73,270958,1658263
Kisumu,24/04/2018,Horticulture,Kales,Bag,50,1300,peak,29,24,20,0,6.24,3.73,270958,1658263
Kisumu,25/04/2018,Horticulture,Kales,Bag,50,1200,peak,29,27,19,2,6.24,3.73,270958,1658263
Kisumu,26/04/2018,Horticulture,Kales,Bag,50,1200,peak,29,26,19,38,6.24,3.73,270958,1658263
Kisumu,27/04/2018,Horticulture,Kales,Bag,50,1200,peak,29,28,18,0,6.24,3.73,270958,1658263
Kisumu,01/05/2018,Horticulture,Kales,Bag,50,1100,low,30,29,20,0,5.61,3.95,271261,1660117
Kisumu,03/05/2018,Horticulture,Kales,Bag,50,2500,low,31,28,18,0,5.61,3.95,271261,1660117
Kisumu,04/05/2018,Horticulture,Kales,Bag,50,800,low,29,26,19,0,5.61,3.95,271261,1660117
Nairobi,02/05/2018,Horticulture,Kales,Bag,50,1200,low,23,23,16,16,5.61,3.95,1393255,1660117
Nairobi,03/05/2018,Horticulture,Kales,Bag,51,1250,low,23,25,18,48,5.61,3.95,1393255,1660117
Nairobi,08/05/2018,Horticulture,Kales,Bag,52,1200,low,22,23,17,0,5.61,3.95,1393255,1660117
Nairobi,09/05/2018,Horticulture,Kales,Bag,53,1250,low,22,23,16,0,5.61,3.95,1393255,1660117
Nairobi,10/05/2018,Horticulture,Kales,Bag,54,1250,low,22,23,15,4,5.61,3.95,1393255,1660117
Nairobi,11/05/2018,Horticulture,Kales,Bag,55,1250,low,22,23,16,3,5.61,3.95,1393255,1660117
Nairobi,14/05/2018,Horticulture,Kales,Bag,56,1200,low,22,25,16,0,5.61,3.95,1393255,1660117
Nairobi,17/05/2018,Horticulture,Kales,Bag,57,1250,low,22,24,16,3,5.61,3.95,1393255,1660117
Nairobi,21/05/2018,Horticulture,Kales,Bag,58,1200,low,22,22,16,0,5.61,3.95,1393255,1660117
Nairobi,23/05/2018,Horticulture,Kales,Bag,59,1200,low,22,22,16,13,5.61,3.95,1393255,1660117
Nairobi,24/05/2018,Horticulture,Kales,Bag,60,1250,low,22,23,16,0,5.61,3.95,1393255,1660117
Nairobi,30/05/2018,Horticulture,Kales,Bag,61,1250,low,21,24,13,0,5.61,3.95,1393255,1660117
Nairobi,05/06/2018,Horticulture,Kales,Bag,62,1250,low,21,22,16,14,5.2,4.28,1397900,1660117
Nairobi,11/06/2018,Horticulture,Kales,Bag,63,1250,low,21,23,13,0,5.2,4.28,1397900,1660117
Nairobi,12/06/2018,Horticulture,Kales,Bag,64,1250,low,21,22,11,0,5.2,4.28,1397900,1660117
Nairobi,13/06/2018,Horticulture,Kales,Bag,65,1250,low,21,23,15,0,5.2,4.28,1397900,1660117
Nairobi,14/06/2018,Horticulture,Kales,Bag,66,1250,low,21,23,12,0,5.2,4.28,1397900,1660117
Nairobi,18/06/2018,Horticulture,Kales,Bag,67,1250,low,21,21,15,0,5.2,4.28,1397900,1660117
Nairobi,19/06/2018,Horticulture,Kales,Bag,68,1250,low,21,19,15,0,5.2,4.28,1397900,1660117
Nairobi,20/06/2018,Horticulture,Kales,Bag,69,1250,low,21,23,15,0,5.2,4.28,1397900,1660117
Nairobi,21/06/2018,Horticulture,Kales,Bag,70,1250,low,21,24,14,0,5.2,4.28,1397900,1660117
Nairobi,22/06/2018,Horticulture,Kales,Bag,71,1250,low,21,24,11,0,5.2,4.28,1397900,1660117
Nairobi,25/06/2018,Horticulture,Kales,Bag,72,1250,low,21,23,14,0,5.2,4.28,1397900,1660117
Nairobi,26/06/2018,Horticulture,Kales,Bag,73,1000,low,21,22,12,0,5.2,4.28,1397900,1660117
Nairobi,27/06/2018,Horticulture,Kales,Bag,74,1000,low,21,24,11,0,5.2,4.28,1397900,1660117
Nairobi,29/06/2018,Horticulture,Kales,Bag,75,1250,low,21,23,13,0,5.2,4.28,1397900,1660117
Nairobi,02/07/2018,Horticulture,Kales,Bag,76,1200,low,21,22,14,2,4.95,4.35,1402560,1660117
Nairobi,03/07/2018,Horticulture,Kales,Bag,77,1250,low,21,20,15,0,4.95,4.35,1402560,1660117
Nairobi,04/07/2018,Horticulture,Kales,Bag,78,1200,low,21,21,15,0,4.95,4.35,1402560,1660117
Nairobi,05/07/2018,Horticulture,Kales,Bag,79,1200,low,21,23,9,0,4.95,4.35,1402560,1660117
Nairobi,06/07/2018,Horticulture,Kales,Bag,80,1200,low,21,23,10,0,4.95,4.35,1402560,1660117
Nairobi,07/07/2018,Horticulture,Kales,Bag,81,1250,low,21,22,13,0,4.95,4.35,1402560,1660117
Nairobi,08/07/2018,Horticulture,Kales,Bag,82,1250,low,21,23,12,0,4.95,4.35,1402560,1660117
Nairobi,09/07/2018,Horticulture,Kales,Bag,83,1200,low,21,21,13,0,4.95,4.35,1402560,1660117
Nairobi,11/07/2018,Horticulture,Kales,Bag,84,1200,low,21,20,14,1,4.95,4.35,1402560,1660117
Nairobi,12/07/2018,Horticulture,Kales,Bag,85,1250,low,21,22,14,0,4.95,4.35,1402560,1660117
Nairobi,16/07/2018,Horticulture,Kales,Bag,86,1250,low,21,23,9,0,4.95,4.35,1402560,1660117
Nairobi,17/07/2018,Horticulture,Kales,Bag,87,1250,low,21,25,9,0,4.95,4.35,1402560,1660117
Nairobi,18/07/2018,Horticulture,Kales,Bag,88,1250,low,21,24,10,0,4.95,4.35,1402560,1660117
Nairobi,19/07/2018,Horticulture,Kales,Bag,89,1200,low,21,22,9,0,4.95,4.35,1402560,1660117
Nairobi,20/07/2018,Horticulture,Kales,Bag,90,1200,low,21,21,12,0,4.95,4.35,1402560,1660117
Nairobi,23/07/2018,Horticulture,Kales,Bag,91,1200,low,21,20,13,0,4.95,4.35,1402560,1660117
Nairobi,24/07/2018,Horticulture,Kales,Bag,92,1250,low,21,22,12,0,4.95,4.35,1402560,1660117
Nairobi,25/07/2018,Horticulture,Kales,Bag,93,1250,low,21,21,10,2,4.95,4.35,1402560,1660117
Nairobi,30/07/2018,Horticulture,Kales,Bag,94,1200,low,21,23,14,1,4.95,4.35,1402560,1660117
Nairobi,31/07/2018,Horticulture,Kales,Bag,95,1200,low,21,23,14,0,4.95,4.35,1402560,1660117
Mombasa,02/05/2018,Horticulture,Kales,Bag,96,1750,low,30,27,20,6,5.61,3.95,304290,1660117
Mombasa,03/05/2018,Horticulture,Kales,Bag,97,1750,low,30,29,23,21,5.61,3.95,304290,1660117
Mombasa,08/05/2018,Horticulture,Kales,Bag,98,2000,low,30,28,23,36,5.61,3.95,304290,1660117
Mombasa,09/05/2018,Horticulture,Kales,Bag,99,2300,low,30,32,22,7,5.61,3.95,304290,1660117
Mombasa,10/05/2018,Horticulture,Kales,Bag,100,2400,low,30,29,22,2,5.61,3.95,304290,1660117
Mombasa,11/05/2018,Horticulture,Kales,Bag,101,2200,low,30,31,22,7,5.61,3.95,304290,1660117
Mombasa,14/05/2018,Horticulture,Kales,Bag,102,2000,low,30,30,23,3,5.61,3.95,304290,1660117
Mombasa,17/05/2018,Horticulture,Kales,Bag,103,2100,low,29,30,22,213,5.61,3.95,304290,1660117
Mombasa,21/05/2018,Horticulture,Kales,Bag,104,2000,low,29,29,23,1,5.61,3.95,304290,1660117
Mombasa,23/05/2018,Horticulture,Kales,Bag,105,2350,low,29,32,23,0,5.61,3.95,304290,1660117
Mombasa,24/05/2018,Horticulture,Kales,Bag,106,2350,low,29,32,22,0,5.61,3.95,304290,1660117
Mombasa,30/05/2018,Horticulture,Kales,Bag,107,3000,low,29,28,22,0,5.61,3.95,304290,1660117
Mombasa,05/06/2018,Horticulture,Kales,Bag,108,2750,low,29,30,21,0,5.2,4.28,305305,1660117
Mombasa,11/06/2018,Horticulture,Kales,Bag,109,2700,low,28,30,21,1,5.2,4.28,305305,1660117
Mombasa,12/06/2018,Horticulture,Kales,Bag,110,3000,low,28,27,21,19,5.2,4.28,305305,1660117
Mombasa,13/06/2018,Horticulture,Kales,Bag,111,2750,low,28,29,22,4,5.2,4.28,305305,1660117
Mombasa,14/06/2018,Horticulture,Kales,Bag,112,2300,low,28,30,22,0,5.2,4.28,305305,1660117
Mombasa,18/06/2018,Horticulture,Kales,Bag,113,3000,low,28,29,21,0,5.2,4.28,305305,1660117
Mombasa,19/06/2018,Horticulture,Kales,Bag,114,3000,low,28,29,22,0,5.2,4.28,305305,1660117
Mombasa,20/06/2018,Horticulture,Kales,Bag,115,3000,low,28,30,21,0,5.2,4.28,305305,1660117
Mombasa,21/06/2018,Horticulture,Kales,Bag,116,3000,low,28,30,23,2,5.2,4.28,305305,1660117
Mombasa,22/06/2018,Horticulture,Kales,Bag,117,2500,low,28,25,23,0,5.2,4.28,305305,1660117
Mombasa,25/06/2018,Horticulture,Kales,Bag,118,3350,low,28,28,22,2,5.2,4.28,305305,1660117
Mombasa,26/06/2018,Horticulture,Kales,Bag,119,2500,low,28,27,22,16,5.2,4.28,305305,1660117
Mombasa,27/06/2018,Horticulture,Kales,Bag,120,2750,low,28,29,21,0,5.2,4.28,305305,1660117
Mombasa,29/06/2018,Horticulture,Kales,Bag,121,3000,low,28,26,21,10,5.2,4.28,305305,1660117
Mombasa,02/07/2018,Horticulture,Kales,Bag,122,3250,low,28,29,20,0,4.95,4.35,306323,1660117
Mombasa,03/07/2018,Horticulture,Kales,Bag,123,2500,low,28,27,21,3,4.95,4.35,306323,1660117
Mombasa,04/07/2018,Horticulture,Kales,Bag,124,2350,low,28,26,21,2,4.95,4.35,306323,1660117
Mombasa,05/07/2018,Horticulture,Kales,Bag,125,2700,low,28,28,21,0,4.95,4.35,306323,1660117
Mombasa,06/07/2018,Horticulture,Kales,Bag,126,2500,low,28,28,20,0,4.95,4.35,306323,1660117
Mombasa,07/07/2018,Horticulture,Kales,Bag,127,2000,low,28,29,19,0,4.95,4.35,306323,1660117
Mombasa,08/07/2018,Horticulture,Kales,Bag,128,2300,low,28,29,11,0,4.95,4.35,306323,1660117
Mombasa,09/07/2018,Horticulture,Kales,Bag,129,2750,low,28,29,20,2,4.95,4.35,306323,1660117
Mombasa,11/07/2018,Horticulture,Kales,Bag,130,2750,low,28,28,21,10,4.95,4.35,306323,1660117
Mombasa,12/07/2018,Horticulture,Kales,Bag,131,2650,low,28,28,21,0,4.95,4.35,306323,1660117
Mombasa,16/07/2018,Horticulture,Kales,Bag,132,2200,low,28,29,19,1,4.95,4.35,306323,1660117
Mombasa,17/07/2018,Horticulture,Kales,Bag,133,2100,low,28,29,19,0,4.95,4.35,306323,1660117
Mombasa,18/07/2018,Horticulture,Kales,Bag,134,2800,low,28,29,19,0,4.95,4.35,306323,1660117
Mombasa,19/07/2018,Horticulture,Kales,Bag,135,3000,low,28,28,19,0,4.95,4.35,306323,1660117
Mombasa,20/07/2018,Horticulture,Kales,Bag,136,2650,low,28,29,20,0,4.95,4.35,306323,1660117
Mombasa,23/07/2018,Horticulture,Kales,Bag,137,2800,low,28,28,20,0,4.95,4.35,306323,1660117
Mombasa,24/07/2018,Horticulture,Kales,Bag,138,2500,low,28,28,20,0,4.95,4.35,306323,1660117
Mombasa,25/07/2018,Horticulture,Kales,Bag,139,2500,low,28,26,20,1,4.95,4.35,306323,1660117
Mombasa,30/07/2018,Horticulture,Kales,Bag,140,2400,low,28,28,21,0,4.95,4.35,306323,1660117
Mombasa,31/07/2018,Horticulture,Kales,Bag,141,2250,low,28,29,21,0,4.95,4.35,306323,1660117
Kisumu,02/05/2018,Horticulture,Kales,Bag,142,1500,low,28,26,18,0,5.61,3.95,271261,1660117
Kisumu,03/05/2018,Horticulture,Kales,Bag,143,1600,low,28,27,18,0,5.61,3.95,271261,1660117
Kisumu,08/05/2018,Horticulture,Kales,Bag,144,2000,low,28,28,18,0,5.61,3.95,271261,1660117
Kisumu,09/05/2018,Horticulture,Kales,Bag,145,2000,low,28,30,18,0,5.61,3.95,271261,1660117
Kisumu,10/05/2018,Horticulture,Kales,Bag,146,2000,low,28,27,18,0,5.61,3.95,271261,1660117
Kisumu,11/05/2018,Horticulture,Kales,Bag,147,2000,low,28,28,18,0,5.61,3.95,271261,1660117
Kisumu,14/05/2018,Horticulture,Kales,Bag,148,2700,low,28,29,19,0,5.61,3.95,271261,1660117
Kisumu,17/05/2018,Horticulture,Kales,Bag,149,2700,low,28,29,19,0,5.61,3.95,271261,1660117
Kisumu,21/05/2018,Horticulture,Kales,Bag,150,2500,low,28,27,19,4,5.61,3.95,271261,1660117
Kisumu,23/05/2018,Horticulture,Kales,Bag,151,2500,low,28,25,19,0,5.61,3.95,271261,1660117
Kisumu,24/05/2018,Horticulture,Kales,Bag,152,2300,low,28,26,18,0,5.61,3.95,271261,1660117
Kisumu,30/05/2018,Horticulture,Kales,Bag,153,2500,low,28,28,19,16,5.61,3.95,271261,1660117
Kisumu,05/06/2018,Horticulture,Kales,Bag,154,2500,low,28,24,18,4,5.2,4.28,272166,1660117
Kisumu,11/06/2018,Horticulture,Kales,Bag,155,2500,low,28,29,17,0,5.2,4.28,272166,1660117
Kisumu,12/06/2018,Horticulture,Kales,Bag,156,2500,low,28,29,18,0,5.2,4.28,272166,1660117
Kisumu,13/06/2018,Horticulture,Kales,Bag,157,2500,low,28,29,16,0,5.2,4.28,272166,1660117
Kisumu,14/06/2018,Horticulture,Kales,Bag,158,2500,low,28,28,18,0,5.2,4.28,272166,1660117
Kisumu,18/06/2018,Horticulture,Kales,Bag,159,2500,low,28,27,19,0,5.2,4.28,272166,1660117
Kisumu,19/06/2018,Horticulture,Kales,Bag,160,2500,low,28,26,17,0,5.2,4.28,272166,1660117
Kisumu,20/06/2018,Horticulture,Kales,Bag,161,2500,low,28,24,18,0,5.2,4.28,272166,1660117
Kisumu,21/06/2018,Horticulture,Kales,Bag,162,2500,low,28,28,17,1,5.2,4.28,272166,1660117
Kisumu,22/06/2018,Horticulture,Kales,Bag,163,2400,low,28,20,16,0,5.2,4.28,272166,1660117
Kisumu,25/06/2018,Horticulture,Kales,Bag,164,2800,low,28,28,19,0,5.2,4.28,272166,1660117
Kisumu,26/06/2018,Horticulture,Kales,Bag,165,2800,low,28,28,17,1,5.2,4.28,272166,1660117
Kisumu,27/06/2018,Horticulture,Kales,Bag,166,2250,low,28,28,17,0,5.2,4.28,272166,1660117
Kisumu,29/06/2018,Horticulture,Kales,Bag,167,2500,low,28,28,17,0,5.2,4.28,272166,1660117
Kisumu,02/07/2018,Horticulture,Kales,Bag,168,2400,low,28,26,17,0,4.95,4.35,273074,1660117
Kisumu,03/07/2018,Horticulture,Kales,Bag,169,2400,low,28,28,17,0,4.95,4.35,273074,1660117
Kisumu,04/07/2018,Horticulture,Kales,Bag,170,2500,low,28,28,16,0,4.95,4.35,273074,1660117
Kisumu,05/07/2018,Horticulture,Kales,Bag,171,2500,low,28,27,17,8,4.95,4.35,273074,1660117
Kisumu,06/07/2018,Horticulture,Kales,Bag,172,2500,low,28,27,16,0,4.95,4.35,273074,1660117
Kisumu,07/07/2018,Horticulture,Kales,Bag,173,2000,low,28,28,15,0,4.95,4.35,273074,1660117
Kisumu,08/07/2018,Horticulture,Kales,Bag,174,2500,low,28,27,15,0,4.95,4.35,273074,1660117
Kisumu,09/07/2018,Horticulture,Kales,Bag,175,2500,low,28,28,19,0,4.95,4.35,273074,1660117
Kisumu,11/07/2018,Horticulture,Kales,Bag,176,2600,low,28,24,18,0,4.95,4.35,273074,1660117
Kisumu,12/07/2018,Horticulture,Kales,Bag,177,2200,low,28,27,17,0,4.95,4.35,273074,1660117
Kisumu,16/07/2018,Horticulture,Kales,Bag,178,2500,low,28,28,16,0,4.95,4.35,273074,1671213
Kisumu,17/07/2018,Horticulture,Kales,Bag,179,2500,low,28,28,15,0,4.95,4.35,273074,1671213
Kisumu,18/07/2018,Horticulture,Kales,Bag,180,2500,low,28,29,15,0,4.95,4.35,273074,1671213
Kisumu,19/07/2018,Horticulture,Kales,Bag,181,2500,low,28,30,19,0,4.95,4.35,273074,1671213
Kisumu,20/07/2018,Horticulture,Kales,Bag,182,2500,low,28,29,18,0,4.95,4.35,273074,1671213
Kisumu,23/07/2018,Horticulture,Kales,Bag,183,2500,low,28,28,16,0,4.95,4.35,273074,1671213
Kisumu,24/07/2018,Horticulture,Kales,Bag,184,2500,low,28,26,18,0,4.95,4.35,273074,1671213
Kisumu,25/07/2018,Horticulture,Kales,Bag,185,2500,low,28,28,14,0,4.95,4.35,273074,1671213
Kisumu,30/07/2018,Horticulture,Kales,Bag,186,2500,low,29,27,16,1,4.95,4.35,273074,1671213
Kisumu,31/07/2018,Horticulture,Kales,Bag,187,2500,low,29,29,16,3,4.95,4.35,273074,1671213
